,x,y
A115,7.582,120.928
A116,8.149,112.182
A133,8.043,124.573
A141,8.889,122.889
A152,8.343,121.213
A173,9.024,123.41
A23,8.61,122.983
A247,7.942,120.512
A257,8.37,123.623
A38,7.476,127.663
A54,7.404,120.233
A77,8.227,123.479
C205,7.63,114.696
D101,8.876,121.648
D110,9.68,132.247
D129,7.46,116.321
D138,7.892,114.98
D161,8.369,117.65
D164,8.163,116.242
D174,8.582,122.13
D179,7.955,128.106
D189,7.387,121.925
D242,7.142,114.823
D32,8.281,118.253
D34,7.432,128.444
D41,7.728,128.887
D52,8.864,121.51
D71,8.398,117.023
D72,8.972,131.708
E106,8.3,119.319
E117,9.448,121.179
E186,8.176,116.117
E204,8.747,124.747
E213,8.882,121.761
E220,8.342,118.348
E233,8.393,121.325
E235,7.336,119.992
E237,8.209,123.318
E238,9.027,130.091
E26,9.338,117.745
E69,8.43,123.91
F130,7.518,119.78
F146,10.076,128.872
F175,7.981,125.337
F178,8.245,118.927
F225,7.101,118.741
F230,8.836,117.304
F259,6.657,118.007
F66,7.189,110.14
F70,8.587,119.105
F93,8.599,113.555
G102,7.653,102.784
G104,8.222,106.358
G128,7.797,107.417
G131,8.051,103.828
G139,7.939,107.688
G144,9.902,114.249
G150,9.109,118.099
G170,8.857,116.91
G182,7.302,102.677
G195,9.393,110.674
G232,8.661,104.772
G25,8.302,108.894
G63,9.651,109.041
G8,8.257,110.894
G81,8.979,106.455
G82,7.076,108.72
G86,7.827,109.406
G98,8.042,107.792
H107,10.718,117.88
H119,8.954,125.742
H122,8.503,124.305
H36,8.62,119.882
H94,8.212,113.312
H96,8.754,115.192
I145,9.152,124.32
I166,7.394,116.266
I209,8.759,127.204
I215,8.906,113.345
I255,8.9,124.452
I33,8.702,128.404
I59,9.027,122.187
I91,8.868,123.084
K111,9.828,109.731
K112,8.234,124.359
K113,7.913,121.769
K126,7.93,122.942
K132,7.716,119.725
K148,8.971,119.518
K153,8.691,123.99
K158,8.72,115.522
K167,7.33,117.397
K169,7.474,120.671
K171,7.778,120.215
K212,7.378,122.269
K224,6.899,115.096
K227,6.848,114.091
K24,7.207,114.733
K251,8.844,114.558
K256,8.76,126.603
K260,7.716,124.39
K39,8.11,122.489
K45,7.499,122.95
K76,7.95,124.202
K80,8.356,121.103
L100,7.351,119.041
L118,9.857,130.387
L120,8.996,123.634
L140,8.814,115.962
L143,8.47,128.28
L147,8.23,120.363
L156,7.522,116.786
L163,7.058,121.671
L183,7.241,117.361
L184,6.632,113.181
L188,8.605,125.524
L202,9.198,120.647
L203,5.966,110.993
L211,8.959,126.733
L223,7.984,120.821
L228,7.109,119.347
L239,8.675,125.877
L250,8.644,125.728
L44,7.022,123.134
L47,8.945,125.909
L57,8.907,117.72
L60,8.71,123.835
L79,8.984,123.499
L84,7.758,120.34
L90,8.527,124.127
M240,8.621,123.131
N124,9.012,119.794
N177,9.686,115.513
N229,8.89,118.501
N231,8.134,110.629
N243,8.425,119.566
N61,8.433,121.286
N62,8.049,123.275
N67,9.001,119.691
Q103,7.85,115.023
Q135,6.596,114.02
Q136,7.55,118.274
Q157,7.785,122.333
Q221,7.518,117.959
Q248,8.708,122.07
Q254,8.541,118.23
Q28,7.68,115.506
Q53,8.002,114.409
Q74,7.661,117.692
Q92,7.335,115.4
R181,8.364,118.435
R226,6.676,109.051
R245,10.499,127.078
R253,7.296,118.526
R27,8.849,120.886
R58,7.175,114.632
R89,8.58,122.773
S105,7.305,107.711
S165,7.99,113.571
S172,8.304,113.684
S187,7.592,111.343
S196,8.697,120.717
S216,8.067,116.73
S218,8.401,116.019
S219,9.281,117.376
S258,8.936,116.436
S29,8.085,118.111
S43,8.485,115.302
S48,8.459,119.82
S50,8.374,122.9
S56,9.944,126.38
S73,8.8,115.853
S99,8.414,111.966
T108,7.348,109.259
T125,8.171,117.232
T168,6.586,98.717
T176,8.072,114.898
T192,9.664,115.159
T199,6.975,108.196
T207,8.434,125.042
T35,10.267,122.389
T37,7.587,108.111
T55,9.384,120.61
T87,8.466,116.621
V109,7.638,118.512
V121,9.185,126.584
V134,7.385,108.161
V142,7.206,124.26
V149,8.417,121.441
V159,7.02,113.184
V160,7.29,114.335
V162,7.134,113.969
V206,7.263,119.046
V210,9.698,128.482
V217,8.529,115.888
V222,7.35,114.777
V241,6.716,115.001
V31,6.28,106.997
V49,8.367,127.445
V68,8.657,121.796
V78,8.382,115.853
W123,9.061,119.282
W191,9.54,117.243
W208,8.24,129.423
W244,6.451,114.054
W97,9.534,119.154
Y114,8.158,121.325
Y127,7.593,115.45
Y190,8.715,118.852
Y193,8.058,125.651
Y40,8.669,126.618
Y51,8.975,125.457
Y7,8.7,120.563
Y88,8.47,126.146
