ResidueKey;x;y;order;assigned_to;est_shift;real_shift;pred_x;pred_y;target_x;target_y
Y7;8.7;120.563;7;S196;0.09436630754670862;0.06356099432828331;8.716;121.028;8.726;120.853
G8;8.257;110.894;8;G8;0.016916264363035168;0.016916264363035168;8.264;110.817;8.264;110.817
A23;8.61;122.983;23;A23;0.01525909564816955;0.01525909564816955;8.595;122.969;8.595;122.969
K24;7.207;114.733;24;K24;0.004242640687119446;0.004242640687119446;7.21;114.718;7.21;114.718
G25;8.302;108.894;25;G25;0.026560120481654716;0.026560120481654716;8.286;108.788;8.286;108.788
E26;9.338;117.745;26;E26;0.01813725447800675;0.01813725447800675;9.326;117.813;9.326;117.813
R27;8.849;120.886;27;R27;0.044894988584473244;0.044894988584473244;8.819;121.053;8.819;121.053
Q28;7.68;115.506;28;Q28;0.014589036979869501;0.014589036979869501;7.672;115.445;7.672;115.445
S29;8.085;118.111;29;S29;0.1116567955836097;0.1116567955836097;8.161;118.52;8.161;118.52
V31;6.28;106.997;31;V31;0.033072042573749634;0.033072042573749634;6.308;106.909;6.308;106.909
D32;8.281;118.253;32;D32;0.02101523257068675;0.02101523257068675;8.278;118.149;8.278;118.149
I33;8.702;128.404;33;I33;0.016387800340500105;0.016387800340500105;8.717;128.437;8.717;128.437
D34;7.432;128.444;34;D34;0.022008180297335197;0.022008180297335197;7.41;128.447;7.41;128.447
T35;10.267;122.389;35;T35;0.01232233744059926;0.01232233744059926;10.279;122.375;10.279;122.375
H36;8.62;119.882;36;H36;0.019365949499059478;0.019365949499059478;8.632;119.806;8.632;119.806
T37;7.587;108.111;37;T37;0.008772684879784165;0.008772684879784165;7.593;108.143;7.593;108.143
A38;7.476;127.663;38;A38;0.019376274151652363;0.019376274151652363;7.495;127.644;7.495;127.644
K39;8.11;122.489;39;K39;0.01941648783894727;0.01941648783894727;8.129;122.509;8.129;122.509
Y40;8.669;126.618;40;Y40;0.014235167719419586;0.014235167719419586;8.656;126.647;8.656;126.647
D41;7.728;128.887;41;D41;0.005462600113498334;0.005462600113498334;7.723;128.876;7.723;128.876
S43;8.485;115.302;43;S43;0.010824047302188484;0.010824047302188484;8.488;115.25;8.488;115.25
L44;7.022;123.134;44;L44;0.016011246047700132;0.016011246047700132;7.034;123.081;7.034;123.081
K45;7.499;122.95;45;K45;0.04548142477979287;0.04548142477979287;7.472;122.767;7.472;122.767
L47;8.945;125.909;47;H119;0.12778747982490093;0.0362993112882343;8.846;126.313;8.939;125.73
S48;8.459;119.82;48;N243;0.10152753321143891;0.04976303849243794;8.407;119.384;8.453;119.573
V49;8.367;127.445;49;V49;0.010999999999999233;0.010999999999999233;8.378;127.445;8.378;127.445
S50;8.374;122.9;50;S50;0.0156320184237381;0.0156320184237381;8.373;122.822;8.373;122.822
Y51;8.975;125.457;51;Y51;0.01258729518204846;0.01258729518204846;8.966;125.501;8.966;125.501
D52;8.864;121.51;52;D52;0.004707440918375749;0.004707440918375749;8.865;121.487;8.865;121.487
Q53;8.002;114.409;53;Q53;0.02400000000000091;0.02400000000000091;8.002;114.289;8.002;114.289
A54;7.404;120.233;54;A54;0.003026549190084301;0.003026549190084301;7.407;120.235;7.407;120.235
T55;9.384;120.61;55;T55;0.02193171219946171;0.02193171219946171;9.4;120.685;9.4;120.685
S56;9.944;126.38;56;S56;0.025263412279420205;0.025263412279420205;9.954;126.496;9.954;126.496
L57;8.907;117.72;57;L57;0.012781236246936932;0.012781236246936932;8.919;117.742;8.919;117.742
R58;7.175;114.632;58;R58;0.023352944139873967;0.023352944139873967;7.186;114.529;7.186;114.529
I59;9.027;122.187;59;I59;0.02107225664232463;0.02107225664232463;9.012;122.113;9.012;122.113
L60;8.71;123.835;60;L60;0.01423516771942121;0.01423516771942121;8.697;123.806;8.697;123.806
N61;8.433;121.286;61;N61;0.011892854997853496;0.011892854997853496;8.429;121.23;8.429;121.23
N62;8.049;123.275;62;N62;0.06685626373048431;0.06685626373048431;8.073;123.587;8.073;123.587
G63;9.651;109.041;63;G63;0.02412384712271401;0.02412384712271401;9.646;109.159;9.646;109.159
F66;7.189;110.14;66;F66;0.08055035692037621;0.08055035692037621;7.109;110.093;7.109;110.093
N67;9.001;119.691;67;N67;0.014368020044527587;0.014368020044527587;8.992;119.747;8.992;119.747
V68;8.657;121.796;68;V68;0.040816663263917634;0.040816663263917634;8.678;121.971;8.678;121.971
E69;8.43;123.91;69;E69;0.02202271554554723;0.02202271554554723;8.429;123.8;8.429;123.8
F70;8.587;119.105;70;F70;0.03156010139400756;0.03156010139400756;8.617;119.154;8.617;119.154
D71;8.398;117.023;71;D71;0.015014659503297705;0.015014659503297705;8.388;116.967;8.388;116.967
D72;8.972;131.708;72;D72;0.021095023109729168;0.021095023109729168;8.961;131.618;8.961;131.618
S73;8.8;115.853;73;L140;0.033586306733547705;0.03769031705889463;8.768;115.802;8.791;115.67
Q74;7.661;117.692;74;Q74;0.011034491379307019;0.011034491379307019;7.669;117.654;7.669;117.654
K76;7.95;124.202;76;K76;0.04386752785375582;0.04386752785375582;7.991;124.28;7.991;124.28
A77;8.227;123.479;77;E237;0.0886002257333449;0.057110769562315464;8.156;123.214;8.198;123.233
V78;8.382;115.853;78;V78;0.009620810776644584;0.009620810776644584;8.391;115.87;8.391;115.87
L79;8.984;123.499;79;A173;0.03900205122810977;0.06381222453417493;9.002;123.326;9.038;123.669
K80;8.356;121.103;80;K80;0.011594826432507433;0.011594826432507433;8.353;121.047;8.353;121.047
G81;8.979;106.455;81;G81;0.009604165762832708;0.009604165762832708;8.974;106.414;8.974;106.414
G82;7.076;108.72;82;G82;0.012175385004178228;0.012175385004178228;7.067;108.679;7.067;108.679
L84;7.758;120.34;84;L84;0.013242356285797577;0.013242356285797577;7.746;120.312;7.746;120.312
G86;7.827;109.406;86;G86;0.026072207424766042;0.026072207424766042;7.852;109.443;7.852;109.443
T87;8.466;116.621;87;T87;0.017664653973404554;0.017664653973404554;8.475;116.697;8.475;116.697
Y88;8.47;126.146;88;Y88;0.03852064381600974;0.03852064381600974;8.46;126.332;8.46;126.332
R89;8.58;122.773;89;R89;0.03202249209539967;0.03202249209539967;8.61;122.829;8.61;122.829
L90;8.527;124.127;90;L90;0.01700470523119942;0.01700470523119942;8.51;124.125;8.51;124.125
I91;8.868;123.084;91;A141;0.015425952158618283;0.028417600180167778;8.883;123.066;8.867;123.226
Q92;7.335;115.4;92;Q92;0.013601470508735742;0.013601470508735742;7.348;115.38;7.348;115.38
F93;8.599;113.555;93;F93;0.04177319714841278;0.04177319714841278;8.63;113.415;8.63;113.415
H94;8.212;113.312;94;H94;0.0876981185659102;0.0876981185659102;8.139;113.555;8.139;113.555
H96;8.754;115.192;96;na;-1.0;-1.0;;;;
W97;9.534;119.154;97;W97;0.12232481350895133;0.12232481350895133;9.638;119.476;9.638;119.476
G98;8.042;107.792;98;G139;0.1771898416952839;0.06685057965343097;7.883;107.401;7.987;107.602
S99;8.414;111.966;99;S99;0.027073234014427294;0.027073234014427294;8.42;111.834;8.42;111.834
L100;7.351;119.041;100;L100;0.011016351483136374;0.011016351483136374;7.362;119.044;7.362;119.044
D101;8.876;121.648;101;D101;0.0010770329614276893;0.0010770329614276893;8.877;121.646;8.877;121.646
G102;7.653;102.784;102;G102;0.005800000000000938;0.005800000000000938;7.657;102.763;7.657;102.763
Q103;7.85;115.023;103;Q103;0.011377170122661217;0.011377170122661217;7.852;115.079;7.852;115.079
G104;8.222;106.358;104;G104;0.020003999600080386;0.020003999600080386;8.218;106.456;8.218;106.456
S105;7.305;107.711;105;S105;0.028653097563788022;0.028653097563788022;7.28;107.641;7.28;107.641
E106;8.3;119.319;106;na;-1.0;-1.0;;;;
H107;10.718;117.88;107;H107;0.055014179990252376;0.055014179990252376;10.754;118.088;10.754;118.088
T108;7.348;109.259;108;T108;0.042524816284142175;0.042524816284142175;7.364;109.062;7.364;109.062
V109;7.638;118.512;109;V109;0.005400000000001626;0.005400000000001626;7.638;118.485;7.638;118.485
D110;9.68;132.247;110;D110;0.009108238029389799;0.009108238029389799;9.677;132.204;9.677;132.204
K111;9.828;109.731;111;K111;0.013098091464025798;0.013098091464025798;9.841;109.723;9.841;109.723
K112;8.234;124.359;112;K112;0.01672004784682196;0.01672004784682196;8.244;124.426;8.244;124.426
K113;7.913;121.769;113;K113;0.024907027120876505;0.024907027120876505;7.899;121.666;7.899;121.666
Y114;8.158;121.325;114;Y114;0.010121264743103153;0.010121264743103153;8.15;121.294;8.15;121.294
A115;7.582;120.928;115;A115;0.02149790687485658;0.02149790687485658;7.597;120.851;7.597;120.851
A116;8.149;112.182;116;A116;0.020788458336300462;0.020788458336300462;8.153;112.284;8.153;112.284
E117;9.448;121.179;117;E117;0.12094560760936984;0.12094560760936984;9.504;121.715;9.504;121.715
L118;9.857;130.387;118;L118;0.03154932645873456;0.03154932645873456;9.837;130.509;9.837;130.509
H119;8.954;125.742;119;L47;0.015190786681407395;0.1571802786611583;8.939;125.73;8.846;126.313
L120;8.996;123.634;120;L79;0.04257933771208701;0.07093659140387125;9.038;123.669;9.042;123.904
V121;9.185;126.584;121;V121;0.07414067709429041;0.07414067709429041;9.155;126.245;9.155;126.245
H122;8.503;124.305;122;H122;0.07725283166331062;0.07725283166331062;8.575;124.445;8.575;124.445
W123;9.061;119.282;123;W123;0.019681463360230505;0.019681463360230505;9.073;119.204;9.073;119.204
N124;9.012;119.794;124;N124;0.04871180555060491;0.04871180555060491;9.059;119.858;9.059;119.858
T125;8.171;117.232;125;T125;0.022472205054244583;0.022472205054244583;8.152;117.172;8.152;117.172
K126;7.93;122.942;126;K126;0.04857200839989989;0.04857200839989989;7.9;122.751;7.9;122.751
Y127;7.593;115.45;127;Y127;0.05372001489203056;0.05372001489203056;7.636;115.611;7.636;115.611
G128;7.797;107.417;128;G128;0.028231188426986072;0.028231188426986072;7.808;107.287;7.808;107.287
D129;7.46;116.321;129;D129;0.027492544443900303;0.027492544443900303;7.456;116.185;7.456;116.185
F130;7.518;119.78;130;F130;0.04720762650250446;0.04720762650250446;7.557;119.647;7.557;119.647
G131;8.051;103.828;131;G131;0.00816333265278176;0.00816333265278176;8.058;103.807;8.058;103.807
K132;7.716;119.725;132;K132;0.00816333265278435;0.00816333265278435;7.709;119.704;7.709;119.704
A133;8.043;124.573;133;A133;0.028132543432827284;0.028132543432827284;8.02;124.492;8.02;124.492
V134;7.385;108.161;134;V134;0.06059570941906506;0.06059570941906506;7.365;108.447;7.365;108.447
Q135;6.596;114.02;135;Q135;0.05522680508593677;0.05522680508593677;6.567;113.785;6.567;113.785
Q136;7.55;118.274;136;Q136;0.05768674024418472;0.05768674024418472;7.495;118.187;7.495;118.187
D138;7.892;114.98;138;D138;0.04511363430272375;0.04511363430272375;7.905;115.196;7.905;115.196
G139;7.939;107.688;139;G98;0.05098862618270833;0.08019201955307115;7.987;107.602;7.883;107.401
L140;8.814;115.962;140;S73;0.06276591431660863;0.05603570290448507;8.791;115.67;8.768;115.802
A141;8.889;122.889;141;I91;0.0708996473898131;0.035904874320904494;8.867;123.226;8.883;123.066
V142;7.206;124.26;142;V142;0.27335793385230434;0.27335793385230434;7.027;125.293;7.027;125.293
L143;8.47;128.28;143;L143;0.05969958123806035;0.05969958123806035;8.509;128.054;8.509;128.054
G144;9.902;114.249;144;G144;0.05385684728982812;0.05385684728982812;9.929;114.016;9.929;114.016
I145;9.152;124.32;145;I145;0.10200313720665684;0.10200313720665684;9.254;124.316;9.254;124.316
F146;10.076;128.872;146;F146;0.027817979797248114;0.027817979797248114;10.051;128.811;10.051;128.811
L147;8.23;120.363;147;L147;0.010440306508910379;0.010440306508910379;8.24;120.348;8.24;120.348
K148;8.971;119.518;148;K148;0.004841487374765567;0.004841487374765567;8.974;119.537;8.974;119.537
V149;8.417;121.441;149;V149;0.0149452333538173;0.0149452333538173;8.413;121.513;8.413;121.513
G150;9.109;118.099;150;G150;0.010160708636704107;0.010160708636704107;9.119;118.108;9.119;118.108
A152;8.343;121.213;152;A152;0.010697663296252245;0.010697663296252245;8.333;121.194;8.333;121.194
K153;8.691;123.99;153;K153;0.005035871324806701;0.005035871324806701;8.686;123.993;8.686;123.993
L156;7.522;116.786;156;L156;0.007071067811865702;0.007071067811865702;7.515;116.781;7.515;116.781
Q157;7.785;122.333;157;Q157;0.012702755606560782;0.012702755606560782;7.778;122.28;7.778;122.28
K158;8.72;115.522;158;K158;0.011443775600734233;0.011443775600734233;8.721;115.579;8.721;115.579
V159;7.02;113.184;159;V159;0.0061351446600687014;0.0061351446600687014;7.022;113.213;7.022;113.213
V160;7.29;114.335;160;V160;0.019025246384741228;0.019025246384741228;7.286;114.428;7.286;114.428
D161;8.369;117.65;161;D161;0.003026549190084301;0.003026549190084301;8.372;117.652;8.372;117.652
V162;7.134;113.969;162;V162;0.0037363083384559176;0.0037363083384559176;7.135;113.987;7.135;113.987
L163;7.058;121.671;163;L163;0.004707440918379221;0.004707440918379221;7.057;121.648;7.057;121.648
D164;8.163;116.242;164;D164;0.009329523031752976;0.009329523031752976;8.155;116.266;8.155;116.266
S165;7.99;113.571;165;S165;0.006352952069705381;0.006352952069705381;7.987;113.543;7.987;113.543
I166;7.394;116.266;166;I166;0.009123595782367813;0.009123595782367813;7.39;116.307;7.39;116.307
K167;7.33;117.397;167;K167;0.0054918120871000516;0.0054918120871000516;7.331;117.37;7.331;117.37
T168;6.586;98.717;168;T168;0.009035485598461703;0.009035485598461703;6.577;98.713;6.577;98.713
K169;7.474;120.671;169;K169;0.03136941185295173;0.03136941185295173;7.45;120.57;7.45;120.57
G170;8.857;116.91;170;G170;0.04760924280010904;0.04760924280010904;8.816;116.789;8.816;116.789
K171;7.778;120.215;171;K171;0.007717512552628665;0.007717512552628665;7.774;120.182;7.774;120.182
S172;8.304;113.684;172;S172;0.01372443077143765;0.01372443077143765;8.294;113.637;8.294;113.637
A173;9.024;123.41;173;L120;0.1004262913783047;0.027681040442872267;9.042;123.904;9.002;123.326
D174;8.582;122.13;174;D174;0.008765842800325704;0.008765842800325704;8.577;122.094;8.577;122.094
F175;7.981;125.337;175;F175;0.018120706387995945;0.018120706387995945;7.97;125.265;7.97;125.265
T176;8.072;114.898;176;T176;0.004044749683230694;0.004044749683230694;8.068;114.895;8.068;114.895
N177;9.686;115.513;177;N177;0.007863841300534517;0.007863841300534517;9.687;115.552;9.687;115.552
F178;8.245;118.927;178;F178;0.003720215047547484;0.003720215047547484;8.242;118.916;8.242;118.916
D179;7.955;128.106;179;D179;0.007071067811865324;0.007071067811865324;7.962;128.111;7.962;128.111
R181;8.364;118.435;181;R181;0.005385164807134488;0.005385164807134488;8.369;118.425;8.369;118.425
G182;7.302;102.677;182;G182;0.010630145812737949;0.010630145812737949;7.294;102.642;7.294;102.642
L183;7.241;117.361;183;L183;0.009108238029386446;0.009108238029386446;7.244;117.404;7.244;117.404
L184;6.632;113.181;184;L184;0.023950782868206035;0.023950782868206035;6.614;113.102;6.614;113.102
E186;8.176;116.117;186;E186;0.008260750571227476;0.008260750571227476;8.175;116.076;8.175;116.076
S187;7.592;111.343;187;S187;0.0031999999999996476;0.0031999999999996476;7.592;111.327;7.592;111.327
L188;8.605;125.524;188;L188;0.016414627622946047;0.016414627622946047;8.617;125.468;8.617;125.468
D189;7.387;121.925;189;D189;0.005517245689655054;0.005517245689655054;7.391;121.944;7.391;121.944
Y190;8.715;118.852;190;Y190;0.0164012194668576;0.0164012194668576;8.702;118.802;8.702;118.802
W191;9.54;117.243;191;W191;0.030633968074673657;0.030633968074673657;9.566;117.324;9.566;117.324
T192;9.664;115.159;192;T192;0.039514048134808986;0.039514048134808986;9.639;115.006;9.639;115.006
Y193;8.058;125.651;193;Y193;0.06536818798161896;0.06536818798161896;8.115;125.811;8.115;125.811
G195;9.393;110.674;195;G195;0.04560701700396408;0.04560701700396408;9.365;110.854;9.365;110.854
S196;8.697;120.717;196;Y7;0.039759778671417785;0.06503722011279457;8.726;120.853;8.716;121.028
T199;6.975;108.196;199;T199;0.13414335615303555;0.13414335615303555;7.093;107.877;7.093;107.877
L202;9.198;120.647;202;L202;0.022163934668734925;0.022163934668734925;9.194;120.756;9.194;120.756
L203;5.966;110.993;203;L203;0.12013059560328518;0.12013059560328518;5.846;111.021;5.846;111.021
E204;8.747;124.747;204;E204;0.03815809219549567;0.03815809219549567;8.718;124.623;8.718;124.623
C205;7.63;114.696;205;C205;0.08340863264674594;0.08340863264674594;7.564;114.441;7.564;114.441
V206;7.263;119.046;206;V206;0.11293201494704679;0.11293201494704679;7.152;119.15;7.152;119.15
T207;8.434;125.042;207;T207;0.051239047610196126;0.051239047610196126;8.384;124.986;8.384;124.986
W208;8.24;129.423;208;W208;0.0989031849841046;0.0989031849841046;8.185;129.834;8.185;129.834
I209;8.759;127.204;209;I209;0.031052214091753547;0.031052214091753547;8.746;127.345;8.746;127.345
V210;9.698;128.482;210;V210;0.03792308004368914;0.03792308004368914;9.663;128.409;9.663;128.409
L211;8.959;126.733;211;L211;0.055974637113606264;0.055974637113606264;9.014;126.785;9.014;126.785
K212;7.378;122.269;212;K212;0.029277294957015507;0.029277294957015507;7.357;122.167;7.357;122.167
E213;8.882;121.761;213;E213;0.008376156636548462;0.008376156636548462;8.875;121.784;8.875;121.784
I215;8.906;113.345;215;I215;0.0256320112359519;0.0256320112359519;8.93;113.3;8.93;113.3
S216;8.067;116.73;216;S216;0.009604165762836665;0.009604165762836665;8.062;116.689;8.062;116.689
V217;8.529;115.888;217;V217;0.006529931086923316;0.006529931086923316;8.532;115.917;8.532;115.917
S218;8.401;116.019;218;S218;0.012536347155369248;0.012536347155369248;8.408;116.071;8.408;116.071
S219;9.281;117.376;219;S219;0.007472616676908888;0.007472616676908888;9.279;117.412;9.279;117.412
E220;8.342;118.348;220;E220;0.015717506163507353;0.015717506163507353;8.346;118.272;8.346;118.272
Q221;7.518;117.959;221;Q221;0.0020880613017825182;0.0020880613017825182;7.516;117.962;7.516;117.962
V222;7.35;114.777;222;V222;0.04738143096192994;0.04738143096192994;7.317;114.607;7.317;114.607
L223;7.984;120.821;223;L223;0.01601124604770031;0.01601124604770031;7.968;120.824;7.968;120.824
K224;6.899;115.096;224;K224;0.0023323807579383204;0.0023323807579383204;6.897;115.09;6.897;115.09
F225;7.101;118.741;225;F225;0.015969971822142746;0.015969971822142746;7.107;118.667;7.107;118.667
R226;6.676;109.051;226;R226;0.0062096698785032685;0.0062096698785032685;6.67;109.059;6.67;109.059
K227;6.848;114.091;227;K227;0.020024984394496785;0.020024984394496785;6.847;113.991;6.847;113.991
L228;7.109;119.347;228;L228;0.021896118377465745;0.021896118377465745;7.088;119.378;7.088;119.378
N229;8.89;118.501;229;N229;0.013695254652615828;0.013695254652615828;8.878;118.534;8.878;118.534
F230;8.836;117.304;230;F230;0.029044104393146548;0.029044104393146548;8.807;117.312;8.807;117.312
N231;8.134;110.629;231;N231;0.024186773244896567;0.024186773244896567;8.131;110.509;8.131;110.509
G232;8.661;104.772;232;G232;0.009931767214348786;0.009931767214348786;8.652;104.793;8.652;104.793
E233;8.393;121.325;233;E233;0.008731551981176004;0.008731551981176004;8.39;121.366;8.39;121.366
E235;7.336;119.992;235;E235;0.00501597448159399;0.00501597448159399;7.334;119.969;7.334;119.969
E237;8.209;123.318;237;A77;0.020248456731315718;0.0569354019920805;8.198;123.233;8.156;123.214
E238;9.027;130.091;238;E238;0.020160357139694007;0.020160357139694007;9.015;130.01;9.015;130.01
L239;8.675;125.877;239;L239;0.007539230729989866;0.007539230729989866;8.668;125.891;8.668;125.891
M240;8.621;123.131;240;M240;0.03758403916558319;0.03758403916558319;8.584;123.098;8.584;123.098
V241;6.716;115.001;241;V241;0.016042443704123954;0.016042443704123954;6.703;114.954;6.703;114.954
D242;7.142;114.823;242;D242;0.05306938853991045;0.05306938853991045;7.09;114.77;7.09;114.77
N243;8.425;119.566;243;S48;0.02803497815229981;0.04060738849027423;8.453;119.573;8.407;119.384
W244;6.451;114.054;244;W244;0.03233635724691294;0.03233635724691294;6.42;114.008;6.42;114.008
R245;10.499;127.078;245;R245;0.03832701397187106;0.03832701397187106;10.511;126.896;10.511;126.896
A247;7.942;120.512;247;A247;0.04803373814310106;0.04803373814310106;7.99;120.521;7.99;120.521
Q248;8.708;122.07;248;Q248;0.046324939287601626;0.046324939287601626;8.753;122.015;8.753;122.015
L250;8.644;125.728;250;L250;0.007280109889278679;0.007280109889278679;8.646;125.693;8.646;125.693
K251;8.844;114.558;251;K251;0.003006659275674664;0.003006659275674664;8.847;114.557;8.847;114.557
R253;7.296;118.526;253;R253;0.004176122603564016;0.004176122603564016;7.3;118.532;7.3;118.532
Q254;8.541;118.23;254;Q254;0.005141984052873913;0.005141984052873913;8.536;118.236;8.536;118.236
I255;8.9;124.452;255;I255;0.012448293055678359;0.012448293055678359;8.895;124.509;8.895;124.509
K256;8.76;126.603;256;K256;0.014647866738879778;0.014647866738879778;8.772;126.561;8.772;126.561
A257;8.37;123.623;257;A257;0.014000000000002899;0.014000000000002899;8.37;123.553;8.37;123.553
S258;8.936;116.436;258;S258;0.0074726166769054645;0.0074726166769054645;8.934;116.472;8.934;116.472
F259;6.657;118.007;259;F259;0.0072277243998365845;0.0072277243998365845;6.664;117.998;6.664;117.998
K260;7.716;124.39;260;K260;0.017275416058666882;0.017275416058666882;7.71;124.309;7.71;124.309
